Workbook

Sheet Data
A1: ITEM | B1: PROBLEMA | C1: QUE (NECESIDAD) | D1: PARA QUE (SOLUCIÓN) | E1: PARA QUIEN (USUARIO) | F1: COMO (DESCRIPCIÓN DE TAREAS) | G1: HECHO POR (PROG. RESP.) | H1: CUANTO TIEMPO (ESTIMADO EN HRS) | I1: FECHA DE ENTREGA | J1: PRIORIDAD | K1: STATUS | L1: PRUEBA (COMO SE VERIFICA) | M1: COMENTARIOS | N1: NOMBRE DE HISTORIA
A2: REQ001 | B2: El sistema debe permitir registrar productos nuevos | C2: Registrar nombre, precios, país de origen, stock e imagen del producto | D2: Gestionar el inventario y controlar productos disponibles | E2: Propietario | F2: Ingresar datos del producto en formulario, el sistema genera código automático y valida información antes de guardar | G2: Leonardo Narvaez | H2: 4 | I2: 46056 | J2: Alta | K2: No iniciado | L2: Validar campos obligatorios, rangos de precios (0.01-99.99), stock mayor a 0. Verificar código único generado y mensaje de confirmación. | M2: Códigos de producto no se reutilizan al eliminar | N2: Registrar Producto
A3: REQ002 | B3: El sistema debe permitir actualizar datos de productos registrados | C3: Modificar nombre, precios, país, stock o imagen de productos existentes | D3: Mantener actualizada la información del inventario | E3: Propietario | F3: Seleccionar producto de lista, editar campos en formulario y guardar cambios validados | G3: Caetano Flores | H3: 2 | I3: 46056 | J3: Alta | K3: No iniciado | L3: Validar que actualización cumpla mismas reglas que registro. Stock no puede ser negativo. Mensaje de confirmación al actualizar. | M3: Permite incrementos y decrementos de stock con validaciones | N3: Actualizar Producto
A4: REQ003 | B4: El sistema debe permitir consultar información de productos | C4: Buscar productos por nombre o código y visualizar su información completa | D4: Revisar disponibilidad y detalles de productos registrados | E4: Propietario | F4: Ingresar criterio de búsqueda (nombre o código), sistema muestra resultados coincidentes | G4: AnthonyMorales | H4: 3 | I4: 46056 | J4: Alta | K4: No iniciado | L4: Búsqueda por código exacto muestra un producto. Búsqueda por nombre muestra coincidencias parciales. Mensaje si no hay resultados. | M4: Búsqueda por código prioritaria si tiene formato letra+dígitos | N4: Consultar Producto
A5: REQ004 | B5: El sistema debe permitir desactivar productos | C5: Marcar productos como inactivos sin eliminarlos físicamente | D5: Mantener historial y evitar uso en nuevas transacciones | E5: Propietario | F5: Seleccionar producto, confirmar eliminación, sistema actualiza estado a Inactivo | G5: AnthonyMorales | H5: 2 | I5: 46056 | J5: Alta | K5: No iniciado | L5: Producto marcado como Inactivo no aparece en selecciones futuras pero conserva historial. Confirmación de desactivación exitosa. | M5: Código del producto no se libera para reutilización | N5: Eliminar Producto
A6: REQ005 | B6: El sistema debe permitir registrar pedidos nuevos | C6: Asociar cliente, productos, cantidades y calcular totales del pedido | D6: Gestionar ventas y controlar inventario | E6: Propietario | F6: Seleccionar cliente y productos, especificar cantidades, sistema calcula totales y guarda pedido | G6: Leonardo Narvaez | H6: 3 | I6: 46056 | J6: Alta | K6: No iniciado | L6: Validar cliente seleccionado, productos con cantidad mayor a 0, stock disponible, formato de fecha DD/MM/AAAA. Confirmación y ID único generado. | M6: Fecha auto-completada con fecha actual pero editable | N6: Registrar Pedido
A7: REQ006 | B7: El sistema debe permitir consultar información de pedidos | C7: Buscar y visualizar detalles de pedidos por filtros | D7: Revisar historial y estado de pedidos | E7: Propietario | F7: Aplicar filtros (ID, cliente, fechas, estado), sistema muestra resultados | G7: Jordan Guaman | H7: 2 | I7: 46056 | J7: Alta | K7: No iniciado | L7: Filtros funcionan correctamente. Visualización completa de información del pedido. Mensaje si no hay resultados. | M7: Interfaz intuitiva para filtrado | N7: Consultar Pedido
A8: REQ007 | B8: El sistema debe permitir eliminar pedidos | C8: Cancelar pedidos y revertir cambios en inventario | D8: Anular pedidos incorrectos y restaurar stock | E8: Propietario | F8: Seleccionar pedido, confirmar eliminación, actualizar estado a Cancelado y revertir stock | G8: AnthonyMorales | H8: 2 | I8: 46056 | J8: Alta | K8: No iniciado | L8: Pedido marcado como Cancelado. Stock revertido correctamente. Historial conservado. Mensaje de confirmación. | M8: Eliminación lógica que conserva historial | N8: Eliminar Pedido
A9: REQ008 | B9: El sistema debe permitir consultar información de clientes | C9: Buscar clientes por nombre o identificación | D9: Revisar información de clientes registrados | E9: Propietario | F9: Ingresar criterio de búsqueda, sistema muestra resultados coincidentes | G9: Caetano Flores | H9: 1 | I9: 46056 | J9: Media | K9: No iniciado | L9: Búsqueda exacta o parcial muestra clientes coincidentes. Mensaje si no hay resultados. | N9: Consultar Cliente
A10: REQ009 | B10: El sistema debe permitir registrar clientes nuevos | C10: Registrar nombre, identificación, correo, teléfono y dirección del cliente | D10: Gestionar información de clientes y asociarlos a pedidos | E10: Propietario | F10: Ingresar datos del cliente en formulario, validar formatos y guardar en base de datos | G10: Leonardo Narvaez | H10: 3 | I10: 46056 | J10: Baja | K10: No iniciado | L10: Validar campos obligatorios, formato de cédula/RUC/pasaporte, email y teléfono válidos. Identificación única. Mensaje de confirmación. | M10: Todos los campos son obligatorios | N10: Registrar Cliente
A11: REQ010 | B11: El sistema debe permitir actualizar datos de clientes | C11: Modificar información de clientes registrados | D11: Mantener datos de clientes actualizados | E11: Propietario | F11: Seleccionar cliente de lista, editar campos y guardar cambios validados | G11: Caetano Flores | H11: 2 | I11: 46056 | J11: Baja | K11: No iniciado | L11: Validar mismas reglas que registro. Verificar formatos de identificación, email y teléfono. Mensaje de confirmación. | N11: Actualizar Cliente
A12: REQ011 | B12: El sistema debe permitir desactivar clientes | C12: Marcar clientes como inactivos lógicamente | D12: Excluirlos de nuevas selecciones pero mantener historial | E12: Propietario | F12: Seleccionar cliente, confirmar eliminación, actualizar estado a Inactivo | G12: Caetano Flores | H12: 1 | I12: 46056 | J12: Baja | K12: No iniciado | L12: Cliente marcado Inactivo no disponible para nuevos pedidos. Historial se conserva. Mensaje de confirmación. | M12: Puede alternarse vista entre clientes Activos e Inactivos | N12: Eliminar Cliente
A13: REQ012 | B13: El sistema debe permitir actualizar pedidos existentes | C13: Modificar cliente o productos de un pedido registrado | D13: Corregir errores o ajustar pedidos antes de completarlos | E13: Propietario | F13: Seleccionar pedido, editar datos, sistema recalcula totales y actualiza inventario | G13: AnthonyMorales | H13: 3 | I13: 46056 | J13: Baja | K13: No iniciado | L13: Validar cliente y productos válidos, stock disponible para aumentos. Recalculo correcto de totales. Mensaje de confirmación. | M13: Ajusta inventario por aumentos o disminuciones de cantidades | N13: Actualizar Pedido
A14: REQ013 | B14: El sistema debe permitir controlar el estado de pedidos | C14: Actualizar estado del pedido según avance | D14: Seguimiento del proceso de cada pedido | E14: Propietario | F14: Seleccionar pedido, elegir nuevo estado de opciones permitidas, actualizar | G14: Leonardo Narvaez | H14: 5 | I14: 46056 | J14: Baja | K14: No iniciado | L14: Validar transiciones permitidas entre estados. No permitir cambios desde Completado o Cancelado. Mensaje de confirmación. | M14: Estados: Pendiente, En Proceso, En Espera, Completado, Cancelado | N14: Controlar Estado de Pedido
A15: REQ014 | B15: El sistema debe permitir generar reportes de pedidos | C15: Exportar datos de pedidos filtrados a archivo Excel | D15: Análisis de ventas y toma de decisiones | E15: Propietario | F15: Aplicar filtros deseados, generar reporte, descargar archivo Excel con información completa | G15: Leonardo Narvaez | H15: 6 | I15: 46056 | J15: Baja | K15: No iniciado | L15: Archivo Excel generado con información correcta según filtros. Incluye datos de pedido, cliente, productos, totales y resúmenes. | M15: Incluye agregados como total de ventas y productos vendidos | N15: Generar Reporte de Pedidos
A16: REQ015 | B16: El sistema debe permitir crear mezclas personalizadas | C16: Seleccionar productos, especificar cantidades y calcular precio total de mezcla | D16: Ofrecer productos personalizados a clientes | E16: Propietario | F16: Seleccionar productos, ingresar cantidades en libras, sistema calcula precio dinámicamente | G16: Jordan Guaman | H16: 5 | I16: 46056 | J16: Baja | K16: No iniciado | L16: Productos añadidos correctamente. Cantidades válidas y stock disponible. Cálculo de precio correcto. Opciones de guardar o agregar a pedido funcionan. | M16: Nombre de mezcla: 3-25 caracteres alfanuméricos | N16: Crear Nueva Mezcla Personalizada
A17: REQ016 | B17: El sistema debe permitir consultar mezclas personalizadas | C17: Visualizar mezclas guardadas y recibir recomendaciones | D17: Reutilizar mezclas y sugerir combinaciones basadas en historial | E17: Propietario | F17: Ver mezclas predefinidas y guardadas, recibir sugerencias, ajustar cantidades | G17: Jordan Guaman | H17: 3 | I17: 46056 | J17: Baja | K17: No iniciado | L17: Mezclas guardadas se muestran correctamente. Recomendaciones basadas en historial. Cálculos dinámicos de precio y nutrición funcionan. | M17: Recomendaciones simples basadas en compras frecuentes | N17: Consultar Mezclas Personalizadas
A18: REQ017 | B18: El sistema debe permitir guardar mezclas personalizadas | C18: Almacenar mezclas diseñadas para uso futuro | D18: Reutilizar combinaciones favoritas en pedidos futuros | E18: Propietario | F18: Diseñar mezcla, ingresar nombre único, guardar en perfil | G18: Jordan Guaman | H18: 2 | I18: 46056 | J18: Baja | K18: No iniciado | L18: Nombre no vacío y no excede 100 caracteres. Mezcla guardada en base de datos. Mensaje de confirmación. | M18: Mezclas guardadas no afectan stock hasta usarse en pedido | N18: Guardar Mezcla Personalizada

Sheet Backlog
A1: ID | B1: Tema | C1: Como un.. | D1: necesito | E1: asi podre... | F1: notas | G1: prioridad | H1: estatus
A2: REQ001 | B2: =VLOOKUP(Backlog!A2,Data!$A$2:$N$18,14) -> Registrar Producto | C2: =VLOOKUP(Backlog!$A2,Data!$A$2:$N$18,5) -> Propietario | D2: =VLOOKUP(Backlog!$A2,Data!$A$2:$N$18,6) -> Ingresar datos del producto en formulario, el sistema genera código automático y valida información antes de guardar | E2: =VLOOKUP(Backlog!$A2,Data!$A$2:$N$18,6) -> Ingresar datos del producto en formulario, el sistema genera código automático y valida información antes de guardar | F2: =VLOOKUP(Backlog!$A2,Data!$A$2:$N$18,13) -> Códigos de producto no se reutilizan al eliminar | G2: Alta | H2: En Proceso
A3: REQ002 | B3: =VLOOKUP(Backlog!A3,Data!$A$2:$N$18,14) -> Actualizar Producto | C3: =VLOOKUP(Backlog!$A3,Data!$A$2:$N$18,5) -> Propietario | D3: =VLOOKUP(Backlog!$A3,Data!$A$2:$N$18,6) -> Seleccionar producto de lista, editar campos en formulario y guardar cambios validados | E3: =VLOOKUP(Backlog!$A3,Data!$A$2:$N$18,6) -> Seleccionar producto de lista, editar campos en formulario y guardar cambios validados | F3: =VLOOKUP(Backlog!$A3,Data!$A$2:$N$18,13) -> Permite incrementos y decrementos de stock con validaciones | G3: Media | H3: En Proceso
A4: REQ003 | B4: =VLOOKUP(Backlog!A4,Data!$A$2:$N$18,14) -> Consultar Producto | C4: =VLOOKUP(Backlog!$A4,Data!$A$2:$N$18,5) -> Propietario | D4: =VLOOKUP(Backlog!$A4,Data!$A$2:$N$18,6) -> Ingresar criterio de búsqueda (nombre o código), sistema muestra resultados coincidentes | E4: =VLOOKUP(Backlog!$A4,Data!$A$2:$N$18,6) -> Ingresar criterio de búsqueda (nombre o código), sistema muestra resultados coincidentes | F4: =VLOOKUP(Backlog!$A4,Data!$A$2:$N$18,13) -> Búsqueda por código prioritaria si tiene formato letra+dígitos | G4: Baja | H4: En Proceso
A5: REQ004 | B5: =VLOOKUP(Backlog!A5,Data!$A$2:$N$18,14) -> Eliminar Producto | C5: =VLOOKUP(Backlog!$A5,Data!$A$2:$N$18,5) -> Propietario | D5: =VLOOKUP(Backlog!$A5,Data!$A$2:$N$18,6) -> Seleccionar producto, confirmar eliminación, sistema actualiza estado a Inactivo | E5: =VLOOKUP(Backlog!$A5,Data!$A$2:$N$18,6) -> Seleccionar producto, confirmar eliminación, sistema actualiza estado a Inactivo | F5: =VLOOKUP(Backlog!$A5,Data!$A$2:$N$18,13) -> Código del producto no se libera para reutilización | G5: Alta | H5: En Proceso
A6: REQ005 | B6: =VLOOKUP(Backlog!A6,Data!$A$2:$N$18,14) -> Registrar Pedido | C6: =VLOOKUP(Backlog!$A6,Data!$A$2:$N$18,5) -> Propietario | D6: =VLOOKUP(Backlog!$A6,Data!$A$2:$N$18,6) -> Seleccionar cliente y productos, especificar cantidades, sistema calcula totales y guarda pedido | E6: =VLOOKUP(Backlog!$A6,Data!$A$2:$N$18,6) -> Seleccionar cliente y productos, especificar cantidades, sistema calcula totales y guarda pedido | F6: =VLOOKUP(Backlog!$A6,Data!$A$2:$N$18,13) -> Fecha auto-completada con fecha actual pero editable | G6: Media | H6: En Proceso
A7: REQ006 | B7: =VLOOKUP(Backlog!A7,Data!$A$2:$N$18,14) -> Consultar Pedido | C7: =VLOOKUP(Backlog!$A7,Data!$A$2:$N$18,5) -> Propietario | D7: =VLOOKUP(Backlog!$A7,Data!$A$2:$N$18,6) -> Aplicar filtros (ID, cliente, fechas, estado), sistema muestra resultados | E7: =VLOOKUP(Backlog!$A7,Data!$A$2:$N$18,6) -> Aplicar filtros (ID, cliente, fechas, estado), sistema muestra resultados | F7: =VLOOKUP(Backlog!$A7,Data!$A$2:$N$18,13) -> Interfaz intuitiva para filtrado | G7: Baja | H7: En Proceso
A8: REQ007 | B8: =VLOOKUP(Backlog!A8,Data!$A$2:$N$18,14) -> Eliminar Pedido | C8: =VLOOKUP(Backlog!$A8,Data!$A$2:$N$18,5) -> Propietario | D8: =VLOOKUP(Backlog!$A8,Data!$A$2:$N$18,6) -> Seleccionar pedido, confirmar eliminación, actualizar estado a Cancelado y revertir stock | E8: =VLOOKUP(Backlog!$A8,Data!$A$2:$N$18,6) -> Seleccionar pedido, confirmar eliminación, actualizar estado a Cancelado y revertir stock | F8: =VLOOKUP(Backlog!$A8,Data!$A$2:$N$18,13) -> Eliminación lógica que conserva historial | G8: Alta | H8: En Proceso
A9: REQ008 | B9: =VLOOKUP(Backlog!A9,Data!$A$2:$N$18,14) -> Consultar Cliente | C9: =VLOOKUP(Backlog!$A9,Data!$A$2:$N$18,5) -> Propietario | D9: =VLOOKUP(Backlog!$A9,Data!$A$2:$N$18,6) -> Ingresar criterio de búsqueda, sistema muestra resultados coincidentes | E9: =VLOOKUP(Backlog!$A9,Data!$A$2:$N$18,6) -> Ingresar criterio de búsqueda, sistema muestra resultados coincidentes | F9: =VLOOKUP(Backlog!$A9,Data!$A$2:$N$18,13) | G9: Media | H9: En Proceso
A10: REQ009 | B10: =VLOOKUP(Backlog!A10,Data!$A$2:$N$18,14) -> Registrar Cliente | C10: =VLOOKUP(Backlog!$A10,Data!$A$2:$N$18,5) -> Propietario | D10: =VLOOKUP(Backlog!$A10,Data!$A$2:$N$18,6) -> Ingresar datos del cliente en formulario, validar formatos y guardar en base de datos | E10: =VLOOKUP(Backlog!$A10,Data!$A$2:$N$18,6) -> Ingresar datos del cliente en formulario, validar formatos y guardar en base de datos | F10: =VLOOKUP(Backlog!$A10,Data!$A$2:$N$18,13) -> Todos los campos son obligatorios | G10: Baja | H10: En Proceso
A11: REQ010 | B11: =VLOOKUP(Backlog!A11,Data!$A$2:$N$18,14) -> Actualizar Cliente | C11: =VLOOKUP(Backlog!$A11,Data!$A$2:$N$18,5) -> Propietario | D11: =VLOOKUP(Backlog!$A11,Data!$A$2:$N$18,6) -> Seleccionar cliente de lista, editar campos y guardar cambios validados | E11: =VLOOKUP(Backlog!$A11,Data!$A$2:$N$18,6) -> Seleccionar cliente de lista, editar campos y guardar cambios validados | F11: =VLOOKUP(Backlog!$A11,Data!$A$2:$N$18,13) | G11: Alta | H11: En Proceso
A12: REQ011 | B12: =VLOOKUP(Backlog!A12,Data!$A$2:$N$18,14) -> Eliminar Cliente | C12: =VLOOKUP(Backlog!$A12,Data!$A$2:$N$18,5) -> Propietario | D12: =VLOOKUP(Backlog!$A12,Data!$A$2:$N$18,6) -> Seleccionar cliente, confirmar eliminación, actualizar estado a Inactivo | E12: =VLOOKUP(Backlog!$A12,Data!$A$2:$N$18,6) -> Seleccionar cliente, confirmar eliminación, actualizar estado a Inactivo | F12: =VLOOKUP(Backlog!$A12,Data!$A$2:$N$18,13) -> Puede alternarse vista entre clientes Activos e Inactivos | G12: Media | H12: En Proceso
A13: REQ012 | B13: =VLOOKUP(Backlog!A13,Data!$A$2:$N$18,14) -> Actualizar Pedido | C13: =VLOOKUP(Backlog!$A13,Data!$A$2:$N$18,5) -> Propietario | D13: =VLOOKUP(Backlog!$A13,Data!$A$2:$N$18,6) -> Seleccionar pedido, editar datos, sistema recalcula totales y actualiza inventario | E13: =VLOOKUP(Backlog!$A13,Data!$A$2:$N$18,6) -> Seleccionar pedido, editar datos, sistema recalcula totales y actualiza inventario | F13: =VLOOKUP(Backlog!$A13,Data!$A$2:$N$18,13) -> Ajusta inventario por aumentos o disminuciones de cantidades | G13: Baja | H13: En Proceso
... A18: REQ017 | B18: =VLOOKUP(Backlog!A18,Data!$A$2:$N$18,14) -> Guardar Mezcla Personalizada | C18: =VLOOKUP(Backlog!$A18,Data!$A$2:$N$18,5) -> Propietario | D18: =VLOOKUP(Backlog!$A18,Data!$A$2:$N$18,6) -> Diseñar mezcla, ingresar nombre único, guardar en perfil | E18: =VLOOKUP(Backlog!$A18,Data!$A$2:$N$18,6) -> Diseñar mezcla, ingresar nombre único, guardar en perfil | F18: =VLOOKUP(Backlog!$A18,Data!$A$2:$N$18,13) -> Mezclas guardadas no afectan stock hasta usarse en pedido | G18: Media | H18: En Proceso

Sheet sprint0
B3: ID | C3: Tema | D3: Como un.. | E3: Necesito | F3: así podre... | G3: encargado | H3: notas | I3: Prioridad | J3: Status
B4: REQ001 | C4: Registrar Producto | D4: Propietario | E4: Ingresar datos del producto en formulario, el sistema genera código automático y valida información antes de guardar | F4: Ingresar datos del producto en formulario, el sistema genera código automático y valida información antes de guardar | G4: Leonardo Narvaez | H4: Códigos de producto no se reutilizan al eliminar | I4: Alta | J4: En Proceso | K4: 4
B5: REQ002 | C5: Actualizar Producto | D5: Propietario | E5: Seleccionar producto de lista, editar campos en formulario y guardar cambios validados | F5: Seleccionar producto de lista, editar campos en formulario y guardar cambios validados | G5: Caetano Flores | H5: Permite incrementos y decrementos de stock con validaciones | I5: Alta | J5: En Proceso | K5: 2

Sheet burdonchart
C3: Estimado | D3: Dia 5 | E3: Dia 4 | F3: Dia 3 | G3: Dia 2 | H3: Dia 1 | I3: Total de Horas
B4: REQ001 | C4: 4 | D4: 0 | E4: 1 | F4: 1 | G4: 0 | H4: 1 | I4: =SUM(D4:H4) -> 3
B5: REQ002 | C5: 2 | D5: 0 | E5: 1 | F5: 2 | G5: 1 | H5: 1 | I5: =SUM(D5:H5) -> 5
B10: Horas Estimadas | C10: =SUM(C4:C5) -> 6 | D10: =C10-SUM(D4:D5) -> 6 | E10: =D10-SUM(E4:E5) -> 4 | F10: =E10-SUM(F4:F5) -> 1 | G10: =F10-SUM(G4:G5) -> 0 | H10: =G10-SUM(H4:H5) -> -2
B11: Horas Estimadas Restantes | C11: =SUM(C4:C5) -> 6 | D11: =C11-(SUM(C4:C5)/5) -> 4.8 | E11: =D11-(SUM(C4:C5)/5) -> 3.6 | F11: =E11-(SUM(C4:C5)/5) -> 2.4 | G11: =F11-(SUM(C4:C5)/5) -> 1.2 | H11: =G11-(SUM(C4:C5)/5) -> 0
B15: Durante el proceso de desarrollo del producto software,CONCLUSION DEL ESFUERZO CALCULADO
