Workbook

Sheet Formato descripción HU
A1: 4
B3: Matriz de Marco de Trabajo de HU
B5: ITEM | C5: PROBLEMA | D5: QUE (NECESIDAD) | E5: PARA QUE (SOLUCIÓN) | F5: PARA QUIEN (USUARIO) | G5: COMO (DESCRIPCIÓN DE TAREAS) | H5: HECHO POR (PROG. RESP.) | I5: CUANTO TIEMPO (ESTIMADO EN HRS) | J5: FECHA DE ENTREGA | K5: PRIORIDAD | L5: STATUS | M5: PRUEBA (COMO SE VERIFICA) | N5: COMENTARIOS | O5: NOMBRE DE HISTORIA
B6: REQ001 | C6: El sistema debe permitir registrar productos nuevos | D6: Registrar nombre, precios, país de origen, stock e imagen del producto | E6: Para gestionar el inventario y controlar productos disponibles | F6: Propietario | G6: Ingresar datos del producto en formulario, el sistema genera código automático y valida información antes de guardar | H6: Leonardo Narvaez | I6: =RANDBETWEEN(4,14) -> 6 | J6: 46056 | K6: Alta | L6: No iniciado | M6: Validar campos obligatorios, rangos de precios (0.01-99.99), stock mayor a 0. Verificar código único generado y mensaje de confirmación. | N6: Códigos de producto no se reutilizan al eliminar | O6: Registrar Producto
B7: REQ002 | C7: El sistema debe permitir actualizar datos de productos registrados | D7: Modificar nombre, precios, país, stock o imagen de productos existentes | E7: Para mantener actualizada la información del inventario | F7: Propietario | G7: Seleccionar producto de lista, editar campos en formulario y guardar cambios validados | H7: Caetano Flores | I7: =RANDBETWEEN(4,14) -> 4 | J7: 46056 | K7: Alta | L7: No iniciado | M7: Validar que actualización cumpla mismas reglas que registro. Stock no puede ser negativo. Mensaje de confirmación al actualizar. | N7: Permite incrementos y decrementos de stock con validaciones | O7: Actualizar Producto
B8: REQ003 | C8: El sistema debe permitir consultar información de productos | D8: Buscar productos por nombre o código y visualizar su información completa | E8: Para revisar disponibilidad y detalles de productos registrados | F8: Propietario | G8: Ingresar criterio de búsqueda (nombre o código), sistema muestra resultados coincidentes | H8: AnthonyMorales | I8: =RANDBETWEEN(4,14) -> 8 | J8: 46056 | K8: Alta | L8: No iniciado | M8: Búsqueda por código exacto muestra un producto. Búsqueda por nombre muestra coincidencias parciales. Mensaje si no hay resultados. | N8: Búsqueda por código prioritaria si tiene formato letra+dígitos | O8: Consultar Producto
B9: REQ004 | C9: El sistema debe permitir desactivar productos | D9: Marcar productos como inactivos sin eliminarlos físicamente | E9: Para mantener historial y evitar uso en nuevas transacciones | F9: Propietario | G9: Seleccionar producto, confirmar eliminación, sistema actualiza estado a Inactivo | H9: AnthonyMorales | I9: =RANDBETWEEN(4,14) -> 7 | J9: 46056 | K9: Alta | L9: No iniciado | M9: Producto marcado como Inactivo no aparece en selecciones futuras pero conserva historial. Confirmación de desactivación exitosa. | N9: Código del producto no se libera para reutilización | O9: Eliminar Producto
B10: REQ005 | C10: El sistema debe permitir registrar clientes nuevos | D10: Registrar nombre, identificación, correo, teléfono y dirección del cliente | E10: Para gestionar información de clientes y asociarlos a pedidos | F10: Propietario | G10: Ingresar datos del cliente en formulario, validar formatos y guardar en base de datos | H10: Leonardo Narvaez | I10: =RANDBETWEEN(4,14) -> 8 | J10: 46056 | K10: Alta | L10: No iniciado | M10: Validar campos obligatorios, formato de cédula/RUC/pasaporte, email y teléfono válidos. Identificación única. Mensaje de confirmación. | N10: Todos los campos son obligatorios | O10: Registrar Cliente
B11: REQ006 | C11: El sistema debe permitir actualizar datos de clientes | D11: Modificar información de clientes registrados | E11: Para mantener datos de clientes actualizados | F11: Propietario | G11: Seleccionar cliente de lista, editar campos y guardar cambios validados | H11: Caetano Flores | I11: =RANDBETWEEN(4,14) -> 10 | J11: 46056 | K11: Alta | L11: No iniciado | M11: Validar mismas reglas que registro. Verificar formatos de identificación, email y teléfono. Mensaje de confirmación. | O11: Actualizar Cliente
B12: REQ007 | C12: El sistema debe permitir consultar información de clientes | D12: Buscar clientes por nombre o identificación | E12: Para revisar información de clientes registrados | F12: Propietario | G12: Ingresar criterio de búsqueda, sistema muestra resultados coincidentes | H12: Caetano Flores | I12: =RANDBETWEEN(4,14) -> 7 | J12: 46056 | K12: Alta | L12: No iniciado | M12: Búsqueda exacta o parcial muestra clientes coincidentes. Mensaje si no hay resultados. | O12: Consultar Cliente
B13: REQ008 | C13: El sistema debe permitir desactivar clientes | D13: Marcar clientes como inactivos lógicamente | E13: Para excluirlos de nuevas selecciones pero mantener historial | F13: Propietario | G13: Seleccionar cliente, confirmar eliminación, actualizar estado a Inactivo | H13: Caetano Flores | I13: =RANDBETWEEN(4,14) -> 4 | J13: 46056 | K13: Alta | L13: No iniciado | M13: Cliente marcado Inactivo no disponible para nuevos pedidos. Historial se conserva. Mensaje de confirmación. | N13: Puede alternarse vista entre clientes Activos e Inactivos | O13: Eliminar Cliente
B14: REQ009 | C14: El sistema debe permitir registrar pedidos nuevos | D14: Asociar cliente, productos, cantidades y calcular totales del pedido | E14: Para gestionar ventas y controlar inventario | F14: Propietario | G14: Seleccionar cliente y productos, especificar cantidades, sistema calcula totales y guarda pedido | H14: Leonardo Narvaez | I14: =RANDBETWEEN(4,14) -> 9 | J14: 46056 | K14: Alta | L14: No iniciado | M14: Validar cliente seleccionado, productos con cantidad mayor a 0, stock disponible, formato de fecha DD/MM/AAAA. Confirmación y ID único generado. | N14: Fecha auto-completada con fecha actual pero editable | O14: Registrar Pedido
B15: REQ010 | C15: El sistema debe permitir actualizar pedidos existentes | D15: Modificar cliente o productos de un pedido registrado | E15: Para corregir errores o ajustar pedidos antes de completarlos | F15: Propietario | G15: Seleccionar pedido, editar datos, sistema recalcula totales y actualiza inventario | H15: AnthonyMorales | I15: =RANDBETWEEN(4,14) -> 5 | J15: 46056 | K15: Alta | L15: No iniciado | M15: Validar cliente y productos válidos, stock disponible para aumentos. Recalculo correcto de totales. Mensaje de confirmación. | N15: Ajusta inventario por aumentos o disminuciones de cantidades | O15: Actualizar Pedido
B16: REQ011 | C16: El sistema debe permitir consultar información de pedidos | D16: Buscar y visualizar detalles de pedidos por filtros | E16: Para revisar historial y estado de pedidos | F16: Propietario | G16: Aplicar filtros (ID, cliente, fechas, estado), sistema muestra resultados | H16: Jordan Guaman | I16: =RANDBETWEEN(4,14) -> 14 | J16: 46056 | K16: Alta | L16: No iniciado | M16: Filtros funcionan correctamente. Visualización completa de información del pedido. Mensaje si no hay resultados. | N16: Interfaz intuitiva para filtrado | O16: Consultar Pedido
B17: REQ012 | C17: El sistema debe permitir eliminar pedidos | D17: Cancelar pedidos y revertir cambios en inventario | E17: Para anular pedidos incorrectos y restaurar stock | F17: Propietario | G17: Seleccionar pedido, confirmar eliminación, actualizar estado a Cancelado y revertir stock | H17: AnthonyMorales | I17: =RANDBETWEEN(4,14) -> 11 | J17: 46056 | K17: Alta | L17: No iniciado | M17: Pedido marcado como Cancelado. Stock revertido correctamente. Historial conservado. Mensaje de confirmación. | N17: Eliminación lógica que conserva historial | O17: Eliminar Pedido
B18: REQ013 | C18: El sistema debe permitir controlar el estado de pedidos | D18: Actualizar estado del pedido según avance | E18: Para seguimiento del proceso de cada pedido | F18: Propietario | G18: Seleccionar pedido, elegir nuevo estado de opciones permitidas, actualizar | H18: Leonardo Narvaez | I18: =RANDBETWEEN(4,14) -> 9 | J18: 46056 | K18: Alta | L18: No iniciado | M18: Validar transiciones permitidas entre estados. No permitir cambios desde Completado o Cancelado. Mensaje de confirmación. | N18: Estados: Pendiente, En Proceso, En Espera, Completado, Cancelado | O18: Controlar Estado de Pedido
B19: REQ014 | C19: El sistema debe permitir generar reportes de pedidos | D19: Exportar datos de pedidos filtrados a archivo Excel | E19: Para análisis de ventas y toma de decisiones | F19: Propietario | G19: Aplicar filtros deseados, generar reporte, descargar archivo Excel con información completa | H19: Leonardo Narvaez | I19: =RANDBETWEEN(4,14) -> 8 | J19: 46056 | K19: Alta | L19: No iniciado | M19: Archivo Excel generado con información correcta según filtros. Incluye datos de pedido, cliente, productos, totales y resúmenes. | N19: Incluye agregados como total de ventas y productos vendidos | O19: Generar Reporte de Pedidos
B20: REQ015 | C20: El sistema debe permitir crear mezclas personalizadas | D20: Seleccionar productos, especificar cantidades y calcular precio total de mezcla | E20: Para ofrecer productos personalizados a clientes | F20: Propietario | G20: Seleccionar productos, ingresar cantidades en libras, sistema calcula precio dinámicamente | H20: Jordan Guaman | I20: =RANDBETWEEN(4,14) -> 8 | J20: 46056 | K20: Alta | L20: No iniciado | M20: Productos añadidos correctamente. Cantidades válidas y stock disponible. Cálculo de precio correcto. Opciones de guardar o agregar a pedido funcionan. | N20: Nombre de mezcla: 3-25 caracteres alfanuméricos | O20: Crear Nueva Mezcla Personalizada
B21: REQ016 | C21: El sistema debe permitir consultar mezclas personalizadas | D21: Visualizar mezclas guardadas y recibir recomendaciones | E21: Para reutilizar mezclas y sugerir combinaciones basadas en historial | F21: Propietario | G21: Ver mezclas predefinidas y guardadas, recibir sugerencias, ajustar cantidades | H21: Jordan Guaman | I21: =RANDBETWEEN(4,14) -> 10 | J21: 46056 | K21: Alta | L21: No iniciado | M21: Mezclas guardadas se muestran correctamente. Recomendaciones basadas en historial. Cálculos dinámicos de precio y nutrición funcionan. | N21: Recomendaciones simples basadas en compras frecuentes | O21: Consultar Mezclas Personalizadas
B22: REQ017 | C22: El sistema debe permitir guardar mezclas personalizadas | D22: Almacenar mezclas diseñadas para uso futuro | E22: Para reutilizar combinaciones favoritas en pedidos futuros | F22: Propietario | G22: Diseñar mezcla, ingresar nombre único, guardar en perfil | H22: Jordan Guaman | I22: =RANDBETWEEN(4,14) -> 13 | J22: 46056 | K22: Alta | L22: No iniciado | M22: Nombre no vacío y no excede 100 caracteres. Mezcla guardada en base de datos. Mensaje de confirmación. | N22: Mezclas guardadas no afectan stock hasta usarse en pedido | O22: Guardar Mezcla Personalizada
K33: Alta | L33: No iniciado
K34: Media | L34: En proceso
K35: Baja | L35: Terminado
L36: Atrasado

Sheet Historia de Usuario
B6: HISTORIA DE USUARIO (HU)
C9: ITEM | E9: USUARIO | H9: STATUS
C10: REQ001 | E10: =VLOOKUP(C10,'Formato descripción HU'!B6:O23,5,0) -> Propietario | H10: =VLOOKUP(C10,'Formato descripción HU'!B6:O23,11,0) -> No iniciado
C12: TIEMPO | E12: PRIORIDAD | H12: PROG. RESP
C13: =VLOOKUP('Historia de Usuario'!C10,'Formato descripción HU'!B6:O23,8,0) -> 6 | E13: =VLOOKUP(C10,'Formato descripción HU'!B6:O23,10,0) -> Alta | H13: =VLOOKUP(C10,'Formato descripción HU'!B6:O23,7,0) -> Leonardo Narvaez
C15: QUE | D15: =VLOOKUP(C10,'Formato descripción HU'!B6:O23,3,0) -> Registrar nombre, precios, país de origen, stock e imagen del producto | G15: PARA QUE | H15: =VLOOKUP(C10,'Formato descripción HU'!B6:O23,4,0) -> Para gestionar el inventario y controlar productos disponibles | L15: COMO | M15: =VLOOKUP(C10,'Formato descripción HU'!B6:O23,6,0) -> Ingresar datos del producto en formulario, el sistema genera código automático y valida información antes de guardar
C19: NOMBRE HISTORIA | E19: =VLOOKUP(C10,'Formato descripción HU'!B6:O23,14,0) -> Registrar Producto
C22: PRUEBA | E22: =VLOOKUP(C10,'Formato descripción HU'!B6:O23,12,0) -> Validar campos obligatorios, rangos de precios (0.01-99.99), stock mayor a 0. Verificar código único generado y mensaje de confirmación. | J22: COMENTARIOS | L22: =VLOOKUP(C10,'Formato descripción HU'!B6:O23,13,0) -> Códigos de producto no se reutilizan al eliminar
